-- MySQL dump 10.13  Distrib 8.0.32, for Linux (x86_64)
--
-- Host: localhost    Database: airline
-- ------------------------------------------------------
-- Server version	8.0.32

/*!40101 SET @OLD_CHARACTER_SET_CLIENT=@@CHARACTER_SET_CLIENT */;
/*!40101 SET @OLD_CHARACTER_SET_RESULTS=@@CHARACTER_SET_RESULTS */;
/*!40101 SET @OLD_COLLATION_CONNECTION=@@COLLATION_CONNECTION */;
/*!50503 SET NAMES utf8mb4 */;
/*!40103 SET @OLD_TIME_ZONE=@@TIME_ZONE */;
/*!40103 SET TIME_ZONE='+00:00' */;
/*!40014 SET @OLD_UNIQUE_CHECKS=@@UNIQUE_CHECKS, UNIQUE_CHECKS=0 */;
/*!40014 SET @OLD_FOREIGN_KEY_CHECKS=@@FOREIGN_KEY_CHECKS, FOREIGN_KEY_CHECKS=0 */;
/*!40101 SET @OLD_SQL_MODE=@@SQL_MODE, SQL_MODE='NO_AUTO_VALUE_ON_ZERO' */;
/*!40111 SET @OLD_SQL_NOTES=@@SQL_NOTES, SQL_NOTES=0 */;

--
-- Current Database: `airline`
--

CREATE DATABASE /*!32312 IF NOT EXISTS*/ `airline` /*!40100 DEFAULT CHARACTER SET utf8mb4 COLLATE utf8mb4_0900_ai_ci */ /*!80016 DEFAULT ENCRYPTION='N' */;

USE `airline`;

--
-- Table structure for table `airplane`
--

DROP TABLE IF EXISTS `airplane`;
/*!40101 SET @saved_cs_client     = @@character_set_client */;
/*!50503 SET character_set_client = utf8mb4 */;
CREATE TABLE `airplane` (
  `airplane_id` int NOT NULL,
  `name` varchar(255) DEFAULT NULL,
  PRIMARY KEY (`airplane_id`)
) ENGINE=InnoDB DEFAULT CHARSET=utf8mb4 COLLATE=utf8mb4_0900_ai_ci;
/*!40101 SET character_set_client = @saved_cs_client */;

--
-- Dumping data for table `airplane`
--

LOCK TABLES `airplane` WRITE;
/*!40000 ALTER TABLE `airplane` DISABLE KEYS */;
INSERT INTO `airplane` VALUES (1,'AirNova-660'),(2,'AirMax-720neo');
/*!40000 ALTER TABLE `airplane` ENABLE KEYS */;
UNLOCK TABLES;

--
-- Table structure for table `boarding_pass`
--

DROP TABLE IF EXISTS `boarding_pass`;
/*!40101 SET @saved_cs_client     = @@character_set_client */;
/*!50503 SET character_set_client = utf8mb4 */;
CREATE TABLE `boarding_pass` (
  `boarding_pass_id` int NOT NULL,
  `purchase_id` int DEFAULT NULL,
  `passenger_id` int DEFAULT NULL,
  `seat_type_id` int DEFAULT NULL,
  `seat_id` int DEFAULT NULL,
  `flight_id` int DEFAULT NULL,
  PRIMARY KEY (`boarding_pass_id`),
  KEY `passenger_id` (`passenger_id`),
  KEY `purchase_id` (`purchase_id`),
  KEY `seat_type_id` (`seat_type_id`),
  KEY `seat_id` (`seat_id`),
  KEY `flight_id` (`flight_id`),
  CONSTRAINT `boarding_pass_ibfk_1` FOREIGN KEY (`passenger_id`) REFERENCES `passenger` (`passenger_id`),
  CONSTRAINT `boarding_pass_ibfk_2` FOREIGN KEY (`purchase_id`) REFERENCES `purchase` (`purchase_id`),
  CONSTRAINT `boarding_pass_ibfk_3` FOREIGN KEY (`seat_type_id`) REFERENCES `seat_type` (`seat_type_id`),
  CONSTRAINT `boarding_pass_ibfk_4` FOREIGN KEY (`seat_id`) REFERENCES `seat` (`seat_id`),
  CONSTRAINT `boarding_pass_ibfk_5` FOREIGN KEY (`flight_id`) REFERENCES `flight` (`flight_id`)
) ENGINE=InnoDB DEFAULT CHARSET=utf8mb4 COLLATE=utf8mb4_0900_ai_ci;
/*!40101 SET character_set_client = @saved_cs_client */;

--
-- Dumping data for table `boarding_pass`
--

LOCK TABLES `boarding_pass` WRITE;
/*!40000 ALTER TABLE `boarding_pass` DISABLE KEYS */;
INSERT INTO `boarding_pass` VALUES (1,69,515,2,NULL,1),(2,78,423,3,NULL,2),(3,85,207,3,NULL,3),(4,174,495,3,NULL,4),(5,94,117,2,NULL,4),(6,20,282,2,NULL,3),(7,141,144,1,105,1),(8,101,136,3,NULL,3),(9,108,207,2,NULL,1),(10,34,66,3,NULL,1),(11,142,301,2,NULL,3),(12,72,325,3,NULL,2),(13,185,437,3,NULL,2),(14,33,529,1,4,4),(15,52,253,2,NULL,4),(16,72,25,3,NULL,2),(17,128,268,3,NULL,4),(18,92,172,3,NULL,3),(19,59,48,3,NULL,2),(20,114,527,2,NULL,4),(21,140,51,3,NULL,2),(22,81,30,2,NULL,2),(23,77,137,3,NULL,1),(24,47,90,1,1,1),(25,110,367,3,NULL,3),(26,56,326,2,NULL,3),(27,182,506,1,135,1),(28,175,322,2,NULL,2),(29,26,153,3,NULL,2),(30,17,343,2,NULL,4),(31,101,496,3,NULL,3),(32,85,300,3,NULL,3),(33,93,358,1,134,4),(34,178,320,2,NULL,4),(35,80,505,3,NULL,3),(36,96,121,2,8,1),(37,174,480,3,NULL,4),(38,136,516,2,NULL,1),(39,18,32,3,NULL,4),(40,200,156,3,NULL,1),(41,133,570,3,NULL,4),(42,24,409,3,NULL,4),(43,147,187,3,NULL,4),(44,51,274,2,NULL,2),(45,140,211,3,NULL,2),(46,66,199,3,NULL,2),(47,149,275,2,NULL,4),(48,27,241,3,149,1),(49,85,129,3,NULL,3),(50,16,525,3,NULL,4),(51,183,465,2,NULL,2),(52,103,158,3,NULL,2),(53,10,41,3,NULL,1),(54,150,273,1,29,4),(55,71,175,2,NULL,1),(56,186,517,3,NULL,3),(57,50,218,3,NULL,4),(58,164,242,1,164,3),(59,46,527,3,266,2),(60,44,38,2,NULL,1),(61,11,293,2,NULL,4),(62,159,256,2,NULL,2),(63,124,316,2,NULL,1),(64,57,375,3,NULL,3),(65,89,122,2,60,4),(66,31,81,3,NULL,3),(67,169,395,3,NULL,2),(68,168,446,2,233,2),(69,37,507,1,227,3),(70,21,21,2,NULL,2),(71,78,34,3,NULL,2),(72,30,455,3,122,4),(73,17,458,2,NULL,4),(74,110,356,3,NULL,3),(75,120,449,2,NULL,1),(76,97,365,3,NULL,4),(77,145,279,3,NULL,1),(78,50,385,3,NULL,4),(79,52,314,2,NULL,4),(80,60,17,3,151,4),(81,22,65,2,NULL,3),(82,134,403,2,274,3),(83,32,410,3,NULL,2),(84,64,546,1,135,4),(85,182,189,1,136,1),(86,158,415,3,NULL,1),(87,196,192,3,NULL,3),(88,41,173,3,NULL,3),(89,132,204,2,NULL,4),(90,61,426,3,NULL,1),(91,117,533,3,NULL,1),(92,35,216,3,NULL,4),(93,84,441,3,NULL,4),(94,108,539,2,NULL,1),(95,61,319,3,NULL,1),(96,152,444,2,NULL,1),(97,126,429,2,NULL,4),(98,129,481,2,NULL,3),(99,157,197,1,229,3),(100,7,13,3,NULL,2),(101,38,487,1,226,2),(102,118,12,3,NULL,1),(103,154,140,2,NULL,2),(104,138,26,3,NULL,2),(105,25,411,3,NULL,2),(106,55,294,2,34,4),(107,68,89,2,NULL,4),(108,71,168,2,NULL,1),(109,123,14,3,NULL,3),(110,130,163,1,31,4),(111,8,299,3,NULL,2),(112,68,127,2,NULL,4),(113,36,554,1,164,2),(114,102,155,3,NULL,4),(115,194,200,3,NULL,1),(116,76,195,1,4,1),(117,156,110,3,NULL,4),(118,9,178,3,NULL,4),(119,93,327,1,133,4),(120,98,59,3,NULL,2),(121,145,106,3,NULL,1),(122,147,478,3,NULL,4),(123,92,407,3,NULL,3),(124,174,501,3,NULL,4),(125,134,286,2,273,3),(126,87,400,2,NULL,2),(127,72,92,3,NULL,2),(128,7,180,3,NULL,2),(129,28,128,3,156,1),(130,63,86,2,NULL,3),(131,153,457,3,NULL,4),(132,125,193,2,189,3),(133,108,91,2,NULL,1),(134,8,69,3,NULL,2),(135,143,100,3,NULL,2),(136,31,239,3,NULL,3),(137,179,340,3,118,4),(138,77,47,3,NULL,1),(139,15,182,2,NULL,4),(140,41,304,3,NULL,3),(141,102,46,3,NULL,4),(142,176,58,3,NULL,3),(143,102,328,3,NULL,4),(144,108,252,2,NULL,1),(145,147,70,3,NULL,4),(146,45,492,2,NULL,2),(147,83,549,3,NULL,2),(148,8,290,3,NULL,2),(149,12,246,3,NULL,2),(150,124,536,2,NULL,1),(151,148,459,2,299,2),(152,16,31,3,NULL,4),(153,51,177,2,NULL,2),(154,1,309,3,NULL,4),(155,173,101,1,107,1),(156,44,114,2,NULL,1),(157,137,421,3,NULL,1),(158,14,555,3,NULL,2),(159,16,432,3,NULL,4),(160,138,93,3,NULL,2),(161,72,161,3,NULL,2),(162,52,107,2,NULL,4),(163,96,500,2,NULL,1),(164,190,406,3,NULL,3),(165,44,473,2,NULL,1),(166,137,502,3,NULL,1),(167,106,123,2,NULL,1),(168,165,4,3,NULL,4),(169,156,289,3,NULL,4),(170,98,201,3,NULL,2),(171,171,277,2,NULL,4),(172,175,558,2,NULL,2),(173,48,278,2,NULL,2),(174,92,115,3,NULL,3),(175,109,188,1,30,1),(176,103,402,3,NULL,2),(177,81,511,2,NULL,2),(178,45,529,2,NULL,2),(179,180,424,3,NULL,1),(180,100,3,2,NULL,3),(181,68,272,2,NULL,4),(182,90,10,3,NULL,2),(183,61,261,3,13,1),(184,31,292,3,NULL,3),(185,143,397,3,NULL,2),(186,24,116,3,NULL,4),(187,189,102,3,NULL,4),(188,5,24,3,NULL,3),(189,94,307,2,NULL,4),(190,197,388,3,NULL,1),(191,36,318,1,162,2),(192,184,68,3,NULL,3),(193,34,36,3,NULL,1),(194,170,231,3,NULL,2),(195,95,236,3,NULL,2),(196,111,174,3,78,1),(197,35,560,3,NULL,4),(198,34,141,3,19,1),(199,82,203,2,NULL,3),(200,34,461,3,NULL,1),(201,169,264,3,184,2),(202,92,165,3,NULL,3),(203,43,229,1,106,4),(204,24,103,3,NULL,4),(205,112,171,2,NULL,3),(206,171,396,2,11,4),(207,75,313,1,108,4),(208,1,291,3,NULL,4),(209,196,265,3,NULL,3),(210,101,552,3,NULL,3),(211,195,335,3,NULL,3),(212,174,146,3,NULL,4),(213,186,259,3,NULL,3),(214,101,484,3,NULL,3),(215,128,305,3,NULL,4),(216,160,374,3,NULL,4),(217,105,430,3,NULL,3),(218,179,366,3,117,4),(219,27,214,3,NULL,1),(220,163,440,3,NULL,1),(221,88,131,3,NULL,3),(222,38,196,1,227,2),(223,141,434,1,106,1),(224,148,420,2,NULL,2),(225,113,217,3,NULL,1),(226,190,518,3,NULL,3),(227,177,384,1,295,2),(228,108,150,2,NULL,1),(229,109,157,1,32,1),(230,72,19,3,NULL,2),(231,83,96,3,NULL,2),(232,200,344,3,129,1),(233,187,468,2,NULL,1),(234,49,524,3,NULL,1),(235,174,362,3,NULL,4),(236,193,212,2,NULL,2),(237,43,234,1,105,4),(238,117,477,3,NULL,1),(239,178,184,2,NULL,4),(240,80,169,3,NULL,3),(241,117,306,3,NULL,1),(242,4,556,2,NULL,1),(243,24,438,3,NULL,4),(244,67,510,3,NULL,3),(245,59,155,3,NULL,2),(246,156,230,3,NULL,4),(247,53,534,3,NULL,4),(248,49,99,3,95,1),(249,130,71,1,32,4),(250,153,397,3,NULL,4),(251,55,249,2,33,4),(252,199,270,2,206,2),(253,18,227,3,NULL,4),(254,201,541,2,NULL,4),(255,164,221,1,165,3),(256,133,361,3,NULL,4),(257,53,151,3,NULL,4),(258,137,138,3,NULL,1),(259,135,568,3,224,3),(260,118,518,3,26,1),(261,53,359,3,NULL,4),(262,170,63,3,NULL,2),(263,42,460,1,107,4),(264,15,197,2,NULL,4),(265,71,475,2,NULL,1),(266,74,88,3,286,2),(267,62,29,3,NULL,4),(268,74,462,3,287,2),(269,80,209,3,NULL,3),(270,187,535,2,NULL,1),(271,16,45,3,NULL,4),(272,198,555,1,3,4),(273,108,350,2,NULL,1),(274,81,390,2,NULL,2),(275,191,284,2,NULL,4),(276,117,244,3,NULL,1),(277,196,412,3,NULL,3),(278,116,557,2,NULL,1),(279,104,52,2,210,3),(280,53,232,3,NULL,4),(281,195,283,3,NULL,3),(282,26,463,3,NULL,2),(283,132,167,2,NULL,4),(284,67,42,3,NULL,3),(285,18,262,3,NULL,4),(286,70,454,3,266,3),(287,111,20,3,NULL,1),(288,168,95,2,NULL,2),(289,6,74,1,161,3),(290,12,336,3,NULL,2),(291,31,543,3,NULL,3),(292,119,150,2,254,3),(293,95,208,3,216,2),(294,87,8,2,NULL,2),(295,128,569,3,NULL,4),(296,86,337,2,NULL,3),(297,66,64,3,NULL,2),(298,89,551,2,61,4),(299,131,80,3,122,1),(300,95,408,3,NULL,2),(301,144,170,3,70,4),(302,158,198,3,NULL,1),(303,143,72,3,NULL,2),(304,139,531,1,293,2),(305,160,487,3,NULL,4),(306,108,256,2,NULL,1),(307,29,498,3,119,1),(308,183,338,2,NULL,2),(309,145,559,3,NULL,1),(310,203,225,3,NULL,2),(311,84,419,3,NULL,4),(312,98,118,3,NULL,2),(313,140,128,3,NULL,2),(314,6,291,1,162,3),(315,13,28,2,NULL,2),(316,96,399,2,NULL,1),(317,66,354,3,NULL,2),(318,122,452,2,NULL,3),(319,128,160,3,NULL,4),(320,146,519,3,NULL,2),(321,137,474,3,NULL,1),(322,37,466,1,226,3),(323,111,53,3,NULL,1),(324,137,79,3,NULL,1),(325,112,357,2,NULL,3),(326,170,77,3,NULL,2),(327,104,56,2,209,3),(328,36,347,1,161,2),(329,88,418,3,NULL,3),(330,19,436,3,NULL,2),(331,53,479,3,NULL,4),(332,25,433,3,NULL,2),(333,166,43,2,186,2),(334,30,37,3,123,4),(335,180,78,3,NULL,1),(336,137,151,3,NULL,1),(337,91,490,3,NULL,3),(338,62,469,3,NULL,4),(339,24,323,3,NULL,4),(340,98,494,3,NULL,2),(341,142,191,2,NULL,3),(342,54,520,2,NULL,2),(343,123,295,3,NULL,3),(344,17,164,2,NULL,4),(345,188,23,3,NULL,2),(346,192,280,1,291,3),(347,83,76,3,NULL,2),(348,163,346,3,NULL,1),(349,79,220,2,NULL,1),(350,6,528,1,163,3),(351,60,202,3,152,4),(352,182,308,1,134,1),(353,19,381,3,NULL,2),(354,40,73,3,NULL,3),(355,172,378,3,NULL,4),(356,190,266,3,NULL,3),(357,197,422,3,47,1),(358,180,64,3,NULL,1),(359,10,215,3,NULL,1),(360,36,179,1,165,2),(361,165,553,3,NULL,4),(362,7,2,3,NULL,2),(363,190,311,3,NULL,3),(364,176,383,3,NULL,3),(365,171,567,2,NULL,4),(366,188,27,3,NULL,2),(367,163,445,3,NULL,1),(368,85,333,3,NULL,3),(369,36,60,1,163,2),(370,191,370,2,NULL,4),(371,158,471,3,NULL,1),(372,118,206,3,NULL,1),(373,107,302,3,NULL,1),(374,172,393,3,NULL,4),(375,150,451,1,30,4),(376,88,125,3,312,3),(377,175,152,2,NULL,2),(378,72,3,3,NULL,2),(379,162,431,2,NULL,3),(380,31,503,3,NULL,3),(381,110,453,3,NULL,3),(382,114,482,2,NULL,4),(383,105,35,3,NULL,3),(384,122,285,2,NULL,3),(385,112,135,2,NULL,3),(386,99,130,2,NULL,2),(387,160,532,3,NULL,4),(388,1,442,3,NULL,4),(389,124,368,2,NULL,1),(390,119,542,2,256,3),(391,91,564,3,NULL,3),(392,137,248,3,NULL,1),(393,68,364,2,NULL,4),(394,10,134,3,NULL,1),(395,85,377,3,NULL,3),(396,115,565,1,230,2),(397,187,392,2,NULL,1),(398,186,547,3,NULL,3),(399,188,33,3,NULL,2),(400,157,104,1,230,3),(401,90,22,3,NULL,2),(402,73,325,2,NULL,4),(403,100,55,2,NULL,3),(404,73,139,2,140,4),(405,67,18,3,NULL,3),(406,202,238,1,292,3),(407,107,450,3,NULL,1),(408,137,464,3,NULL,1),(409,144,398,3,71,4),(410,106,550,2,59,1),(411,181,159,2,NULL,2),(412,2,521,3,NULL,4),(413,118,263,3,NULL,1),(414,136,416,2,NULL,1),(415,87,493,2,NULL,2),(416,159,204,2,NULL,2),(417,186,355,3,NULL,3),(418,12,497,3,NULL,2),(419,97,331,3,NULL,4),(420,73,467,2,NULL,4),(421,65,321,2,NULL,3),(422,77,538,3,NULL,1),(423,194,166,3,NULL,1),(424,9,190,3,NULL,4),(425,98,126,3,NULL,2),(426,13,143,2,NULL,2),(427,4,488,2,110,1),(428,23,463,3,NULL,1),(429,173,380,1,108,1),(430,187,224,2,NULL,1),(431,176,342,3,NULL,3),(432,65,61,2,NULL,3),(433,122,508,2,166,3),(434,103,250,3,NULL,2),(435,34,219,3,NULL,1),(436,139,528,1,292,2),(437,57,40,3,NULL,3),(438,152,233,2,NULL,1),(439,172,288,3,NULL,4),(440,26,401,3,NULL,2),(441,193,425,2,NULL,2),(442,85,271,3,NULL,3),(443,194,160,3,NULL,1),(444,105,421,3,NULL,3),(445,92,427,3,NULL,3),(446,203,54,3,NULL,2),(447,189,222,3,NULL,4),(448,117,315,3,NULL,1),(449,70,562,3,265,3),(450,167,369,2,NULL,1),(451,109,161,1,31,1),(452,158,85,3,NULL,1),(453,35,566,3,NULL,4),(454,48,194,2,NULL,2),(455,81,512,2,NULL,2),(456,5,394,3,NULL,3),(457,195,235,3,NULL,3),(458,105,142,3,NULL,3),(459,204,548,2,NULL,1),(460,196,391,3,NULL,3),(461,64,522,1,136,4),(462,123,376,3,204,3),(463,18,87,3,NULL,4),(464,60,372,3,150,4),(465,57,147,3,NULL,3),(466,10,348,3,NULL,1),(467,140,86,3,NULL,2),(468,85,339,3,NULL,3),(469,19,7,3,NULL,2),(470,190,382,3,NULL,3),(471,8,296,3,NULL,2),(472,58,149,1,294,3),(473,40,329,3,NULL,3),(474,27,183,3,NULL,1),(475,131,124,3,NULL,1),(476,187,258,2,NULL,1),(477,145,387,3,73,1),(478,59,97,3,NULL,2),(479,119,148,2,255,3),(480,41,373,3,NULL,3),(481,20,1,2,NULL,3),(482,109,82,1,29,1),(483,126,5,2,NULL,4),(484,185,255,3,NULL,2),(485,40,435,3,NULL,3),(486,176,439,3,NULL,3),(487,92,287,3,NULL,3),(488,113,324,3,NULL,1),(489,182,472,1,133,1),(490,202,94,1,293,3),(491,49,298,3,NULL,1),(492,44,405,2,NULL,1),(493,52,140,2,NULL,4),(494,15,105,2,NULL,4),(495,184,145,3,NULL,3),(496,3,98,3,NULL,1),(497,126,540,2,NULL,4),(498,198,62,1,2,4),(499,5,371,3,NULL,3),(500,2,185,3,NULL,4),(501,5,360,3,NULL,3),(502,155,109,3,NULL,3),(503,47,509,1,2,1),(504,3,11,3,NULL,1),(505,127,6,3,NULL,1),(506,111,352,3,NULL,1),(507,158,417,3,NULL,1),(508,196,39,3,NULL,3),(509,26,486,3,NULL,2),(510,121,243,1,291,2),(511,10,176,3,NULL,1),(512,112,257,2,NULL,3),(513,189,112,3,NULL,4),(514,66,485,3,NULL,2),(515,115,226,1,229,2),(516,129,75,2,NULL,3),(517,9,530,3,NULL,4),(518,138,210,3,NULL,2),(519,151,345,1,294,2),(520,19,303,3,NULL,2),(521,159,166,2,NULL,2),(522,102,491,3,20,4),(523,91,57,3,NULL,3),(524,194,240,3,NULL,1),(525,10,386,3,NULL,1),(526,175,526,2,NULL,2),(527,107,228,3,NULL,1),(528,116,489,2,33,1),(529,50,332,3,NULL,4),(530,194,223,3,NULL,1),(531,134,237,2,NULL,3),(532,148,46,2,NULL,2),(533,18,310,3,NULL,4),(534,184,297,3,NULL,3),(535,125,561,2,188,3),(536,10,181,3,NULL,1),(537,127,443,3,131,1),(538,16,148,3,NULL,4),(539,14,281,3,NULL,2),(540,14,349,3,NULL,2),(541,110,514,3,NULL,3),(542,56,105,2,NULL,3),(543,194,44,3,NULL,1),(544,56,251,2,NULL,3),(545,25,504,3,NULL,2),(546,39,213,1,228,2),(547,2,250,3,NULL,4),(548,63,154,2,NULL,3),(549,85,254,3,NULL,3),(550,4,545,2,NULL,1),(551,153,247,3,NULL,4),(552,68,77,2,NULL,4),(553,137,512,3,NULL,1),(554,92,83,3,NULL,3),(555,96,276,2,NULL,1),(556,200,544,3,NULL,1),(557,32,522,3,NULL,2),(558,21,317,2,NULL,2),(559,35,9,3,NULL,4),(560,27,456,3,NULL,1),(561,9,413,3,NULL,4),(562,72,84,3,NULL,2),(563,83,351,3,NULL,2),(564,95,341,3,217,2),(565,189,342,3,NULL,4),(566,128,111,3,NULL,4),(567,161,120,2,NULL,4),(568,48,162,2,NULL,2),(569,97,330,3,NULL,4),(570,140,15,3,NULL,2),(571,104,132,2,NULL,3),(572,68,563,2,NULL,4),(573,15,519,2,NULL,4),(574,26,222,3,NULL,2),(575,67,312,3,NULL,3),(576,35,428,3,NULL,4),(577,90,523,3,NULL,2),(578,41,363,3,NULL,3),(579,162,205,2,NULL,3),(580,28,16,3,NULL,1),(581,143,67,3,NULL,2),(582,113,108,3,117,1),(583,20,472,2,NULL,3),(584,198,483,1,1,4),(585,153,447,3,NULL,4),(586,169,379,3,185,2),(587,174,476,3,NULL,4),(588,47,119,1,3,1),(589,58,513,1,295,3),(590,69,389,2,NULL,1),(591,88,470,3,313,3),(592,163,334,3,NULL,1),(593,149,322,2,NULL,4),(594,157,49,1,228,3),(595,3,499,3,101,1),(596,120,50,2,NULL,1),(597,191,133,2,NULL,4),(598,197,267,3,NULL,1),(599,98,65,3,NULL,2),(600,82,414,2,NULL,3),(601,152,260,2,NULL,1),(602,186,404,3,NULL,3),(603,32,117,3,NULL,2),(604,143,537,3,267,2),(605,66,186,3,NULL,2),(606,190,269,3,NULL,3),(607,167,353,2,85,1),(608,85,113,3,NULL,3),(609,155,448,3,NULL,3),(610,77,245,3,NULL,1);
/*!40000 ALTER TABLE `boarding_pass` ENABLE KEYS */;
UNLOCK TABLES;

--
-- Table structure for table `flight`
--

DROP TABLE IF EXISTS `flight`;
/*!40101 SET @saved_cs_client     = @@character_set_client */;
/*!50503 SET character_set_client = utf8mb4 */;
CREATE TABLE `flight` (
  `flight_id` int NOT NULL,
  `takeoff_date_time` int DEFAULT NULL,
  `takeoff_airport` varchar(255) DEFAULT NULL,
  `landing_date_time` int DEFAULT NULL,
  `landing_airport` varchar(255) DEFAULT NULL,
  `airplane_id` int DEFAULT NULL,
  PRIMARY KEY (`flight_id`),
  KEY `airplane_id` (`airplane_id`),
  CONSTRAINT `flight_ibfk_1` FOREIGN KEY (`airplane_id`) REFERENCES `airplane` (`airplane_id`)
) ENGINE=InnoDB DEFAULT CHARSET=utf8mb4 COLLATE=utf8mb4_0900_ai_ci;
/*!40101 SET character_set_client = @saved_cs_client */;

--
-- Dumping data for table `flight`
--

LOCK TABLES `flight` WRITE;
/*!40000 ALTER TABLE `flight` DISABLE KEYS */;
INSERT INTO `flight` VALUES (1,1688207580,'Aeropuerto Internacional Arturo Merino Benitez, Chile',1688221980,'Aeropuerto Internacional Jorge Cháve, Perú',1),(2,1688491980,'Aeropuerto Internacional Jorge Cháve, Perú',1688495580,'Aeropuerto Francisco Carlé, Perú',2),(3,1688766182,'Aeropuerto El Tepual, Chile',1688772962,'Aeropuerto Internacional Arturo Merino Benitez, Chile',2),(4,1689786902,'Aeropuerto Internacional Arturo Merino Benitez, Chile',1689819302,'Aeropuerto Internacional de la Ciudad de México, México',1);
/*!40000 ALTER TABLE `flight` ENABLE KEYS */;
UNLOCK TABLES;

--
-- Table structure for table `passenger`
--

DROP TABLE IF EXISTS `passenger`;
/*!40101 SET @saved_cs_client     = @@character_set_client */;
/*!50503 SET character_set_client = utf8mb4 */;
CREATE TABLE `passenger` (
  `passenger_id` int NOT NULL,
  `dni` varchar(255) DEFAULT NULL,
  `name` varchar(255) DEFAULT NULL,
  `age` int DEFAULT NULL,
  `country` varchar(255) DEFAULT NULL,
  PRIMARY KEY (`passenger_id`)
) ENGINE=InnoDB DEFAULT CHARSET=utf8mb4 COLLATE=utf8mb4_0900_ai_ci;
/*!40101 SET character_set_client = @saved_cs_client */;

--
-- Dumping data for table `passenger`
--

LOCK TABLES `passenger` WRITE;
/*!40000 ALTER TABLE `passenger` DISABLE KEYS */;
INSERT INTO `passenger` VALUES (1,' 348373603',' Leticia',65,' Chile'),(2,' 7988462',' Ana',72,' México'),(3,' 492894946',' Amalia',40,' Perú'),(4,' 236316467',' Julio',6,' Chile'),(5,' 527775223',' Sonia',80,' Chile'),(6,' 645466698',' Diego',21,' Perú'),(7,' 174853408',' Estefanía',80,' Perú'),(8,' 678380547',' Oscar',61,' Perú'),(9,' 167549110',' Joaquín',2,' México'),(10,' 643238510',' Gustavo',61,' México'),(11,' 967142004',' Víctor',73,' Chile'),(12,' 427038390',' Christopher',30,' México'),(13,' 374760700',' Abril',37,' Perú'),(14,' 563296634',' Mateo',27,' Chile'),(15,' 423445297',' Laura',74,' Chile'),(16,' 200905642',' Nilda',26,' México'),(17,' 809158891',' René',24,' Chile'),(18,' 253908833',' José',5,' México'),(19,' 436436409',' Osvaldo',28,' México'),(20,' 917532039',' Ignacio',78,' Perú'),(21,' 737112168',' Andrea',70,' Perú'),(22,' 313353817',' Natalia',4,' Chile'),(23,' 207053321',' Daniella',25,' Chile'),(24,' 481457272',' Ana',71,' México'),(25,' 863717797',' Giselle',52,' Perú'),(26,' 773764019',' Antonia',40,' México'),(27,' 926578568',' Miguel',5,' México'),(28,' 730560738',' Javier',56,' México'),(29,' 896046032',' Diego',49,' Perú'),(30,' 272872273',' Celeste',23,' México'),(31,' 343424165',' Constanza',27,' México'),(32,' 420965877',' Amalia',22,' México'),(33,' 143956247',' Valentina',54,' Chile'),(34,' 566062700',' Gustavo',11,' México'),(35,' 934735291',' Consuelo',31,' Chile'),(36,' 188967263',' Lorena',31,' Chile'),(37,' 641319464',' Lucía',28,' Perú'),(38,' 107965454',' Luciana',39,' Perú'),(39,' 979716489',' Lucero',70,' México'),(40,' 539399181',' Samuel',12,' Chile'),(41,' 968406193',' Francisco',53,' Perú'),(42,' 576330342',' Christopher',53,' Perú'),(43,' 444770924',' Gabriel',56,' Chile'),(44,' 268097386',' Nélida',76,' Chile'),(45,' 647635275',' Marisol',73,' Chile'),(46,' 720388762',' Raúl',70,' Perú'),(47,' 486792146',' Ana',64,' México'),(48,' 262424652',' Antonia',15,' México'),(49,' 210747500',' Bruno',37,' Chile'),(50,' 385050488',' Roberto',72,' Chile'),(51,' 679445242',' Aldo',69,' México'),(52,' 547818293',' Leticia',25,' Perú'),(53,' 248898785',' Jorge',46,' México'),(54,' 390759551',' Arturo',23,' México'),(55,' 152914379',' Maritza',69,' Chile'),(56,' 175958851',' Graciela',48,' Perú'),(57,' 689943623',' Marjorie',9,' Perú'),(58,' 16698286',' Nicolás',35,' Perú'),(59,' 962913276',' Delia',18,' México'),(60,' 680619409',' Sofía',28,' México'),(61,' 66386260',' Olga',32,' Chile'),(62,' 133177153',' Vanessa',31,' Perú'),(63,' 850187729',' José',72,' México'),(64,' 65331141',' Susana',10,' Perú'),(65,' 225839493',' Monserrat',71,' Chile'),(66,' 897674576',' Marisol',47,' Chile'),(67,' 777278671',' Francisco',30,' Perú'),(68,' 557932725',' Tomás',7,' Perú'),(69,' 746976269',' Julio',77,' Perú'),(70,' 938352615',' Arturo',34,' Perú'),(71,' 760744755',' Nicolás',32,' Chile'),(72,' 811487353',' Marisol',47,' Chile'),(73,' 874904884',' Oliver',69,' Chile'),(74,' 734821209',' Ana',36,' México'),(75,' 926376486',' Antonio',29,' Perú'),(76,' 645869777',' Consuelo',53,' Perú'),(77,' 561461878',' Fermín',27,' Perú'),(78,' 181426937',' Julio',48,' México'),(79,' 661517153',' Marco',18,' Perú'),(80,' 954731403',' Nicolás',33,' Perú'),(81,' 717995319',' Micaela',39,' Perú'),(82,' 702149417',' Julio',60,' Chile'),(83,' 257898025',' Francisco',34,' Chile'),(84,' 945931060',' Mariana',38,' Perú'),(85,' 589000509',' Lucas',33,' Perú'),(86,' 494551918',' Marcos',25,' Chile'),(87,' 177209759',' Lorena',74,' México'),(88,' 117827891',' Raquel',21,' México'),(89,' 24785979',' Patricio',41,' Perú'),(90,' 983834822',' Marisol',44,' México'),(91,' 466866813',' Lucila',19,' México'),(92,' 206706094',' Fabiola',26,' Perú'),(93,' 642182998',' Isidora',76,' Chile'),(94,' 978856785',' Rafaela',73,' México'),(95,' 715292935',' Renata',56,' Chile'),(96,' 298387004',' Juan',69,' Chile'),(97,' 602810040',' Celeste',64,' Perú'),(98,' 172426876',' Abril',28,' Chile'),(99,' 520425741',' Yolanda',19,' Chile'),(100,' 322326638',' Maritza',51,' Chile'),(101,' 217082303',' Guillermo',73,' Perú'),(102,' 786081285',' Luz',43,' Chile'),(103,' 667007280',' Dante',45,' Chile'),(104,' 501509835',' Sergio',57,' Perú'),(105,' 560528635',' Tomás',36,' Perú'),(106,' 13116070',' Dante',44,' Perú'),(107,' 446027459',' Vanessa',66,' Chile'),(108,' 391869305',' Enzo',38,' México'),(109,' 348128106',' Octavio',35,' Chile'),(110,' 261133065',' Daniel',20,' Perú'),(111,' 130069304',' Romina',50,' México'),(112,' 775203905',' Guillermo',79,' Perú'),(113,' 802367967',' Marco',48,' Chile'),(114,' 577597935',' Melisa',49,' México'),(115,' 887066881',' Rosa',40,' México'),(116,' 990806557',' Oliver',24,' Perú'),(117,' 931328840',' Alejandro',45,' Chile'),(118,' 547995929',' Demetrio',77,' Chile'),(119,' 642943844',' Abril',38,' Perú'),(120,' 379829811',' José',54,' México'),(121,' 176002133',' Raúl',80,' Chile'),(122,' 520943813',' Karen',34,' Perú'),(123,' 895770182',' Alejandra',54,' Chile'),(124,' 80430135',' Aldo',29,' México'),(125,' 876498664',' Daniella',21,' Perú'),(126,' 438091902',' Edith',29,' Chile'),(127,' 68096783',' Ernesto',26,' Chile'),(128,' 202105372',' Carmen',77,' Perú'),(129,' 488886910',' Yolanda',31,' México'),(130,' 580928099',' Rafaela',62,' Chile'),(131,' 107826693',' Patricio',23,' México'),(132,' 174527288',' Pamela',28,' Perú'),(133,' 61627287',' Oscar',22,' Chile'),(134,' 50097163',' Leonardo',47,' Perú'),(135,' 386386320',' Francisco',79,' México'),(136,' 634274174',' Abril',80,' Chile'),(137,' 41315274',' Marlene',41,' México'),(138,' 797841701',' Lucero',46,' Perú'),(139,' 714247267',' Giselle',55,' Chile'),(140,' 95167236',' Consuelo',23,' México'),(141,' 301975615',' Miriam',71,' Perú'),(142,' 617682991',' Renata',35,' Perú'),(143,' 506091067',' Sofía',38,' Perú'),(144,' 372916627',' Maximiliana',39,' Chile'),(145,' 814415768',' Julio',68,' Perú'),(146,' 447555986',' Carmen',54,' Perú'),(147,' 544533967',' Fabiola',72,' Perú'),(148,' 66250246',' Mauricio',27,' Chile'),(149,' 553962841',' Gustavo',55,' Chile'),(150,' 603552964',' Ernesto',37,' Perú'),(151,' 495092114',' Óscar',61,' Perú'),(152,' 968801352',' Francisco',51,' Chile'),(153,' 426259149',' Dante',21,' México'),(154,' 37459658',' Rocío',65,' Perú'),(155,' 776418510',' Monserrat',31,' Chile'),(156,' 957682604',' Edith',26,' Chile'),(157,' 389921563',' Raquel',60,' México'),(158,' 897875792',' Maritza',37,' Perú'),(159,' 573835727',' Juan',27,' Chile'),(160,' 548658569',' Luciana',33,' Perú'),(161,' 97568069',' Isabella',48,' Perú'),(162,' 924509499',' Marisela',47,' México'),(163,' 415938312',' Germán',53,' Chile'),(164,' 749627077',' Pablo',24,' Chile'),(165,' 988073823',' Sonia',61,' México'),(166,' 320263742',' Marina',35,' México'),(167,' 52491755',' Ana',53,' Perú'),(168,' 340427580',' Ramiro',55,' México'),(169,' 76817167',' Aldo',46,' Perú'),(170,' 618782665',' Luz',68,' Perú'),(171,' 395678454',' Fabiana',80,' México'),(172,' 159979144',' Beatriz',61,' Perú'),(173,' 861800520',' Adrián',64,' México'),(174,' 539097903',' Lucía',35,' Perú'),(175,' 571223758',' Luz',45,' México'),(176,' 741955651',' Gustavo',64,' Perú'),(177,' 346673941',' Raúl',64,' México'),(178,' 989005585',' Dante',53,' Perú'),(179,' 875921856',' José',65,' Chile'),(180,' 296039996',' Armando',31,' Perú'),(181,' 245413729',' Gustavo',76,' Chile'),(182,' 574679338',' Alexis',44,' México'),(183,' 776268924',' Leticia',57,' México'),(184,' 725878136',' César',61,' Chile'),(185,' 791208582',' Jorge',32,' Perú'),(186,' 679509529',' Diego',28,' México'),(187,' 378728209',' Fernanda',53,' México'),(188,' 944668859',' Enrique',18,' Chile'),(189,' 328645495',' Arturo',43,' México'),(190,' 310703456',' Camila',57,' Perú'),(191,' 702350489',' Natalia',71,' México'),(192,' 412082503',' Fanny',53,' Perú'),(193,' 879025746',' Carolina',40,' México'),(194,' 317337393',' José',42,' México'),(195,' 674980606',' Pamela',59,' México'),(196,' 861793918',' Brenda',28,' México'),(197,' 864794531',' Celeste',63,' Perú'),(198,' 130543670',' Gabriela',78,' Perú'),(199,' 254968572',' Andrés',71,' México'),(200,' 83922601',' Osvaldo',42,' Perú'),(201,' 341487852',' Javier',48,' Perú'),(202,' 986516830',' José',34,' Perú'),(203,' 705623099',' Camila',26,' Perú'),(204,' 81112989',' Ivonne',33,' Perú'),(205,' 843598221',' Marco',70,' México'),(206,' 84138219',' María',66,' Chile'),(207,' 503579123',' Alexis',30,' Chile'),(208,' 302129704',' Patricio',80,' Chile'),(209,' 443001667',' Edith',36,' Chile'),(210,' 730564380',' Marisol',66,' Perú'),(211,' 110380120',' Alexis',67,' Chile'),(212,' 583354512',' Hernán',37,' México'),(213,' 112817761',' Fernanda',19,' México'),(214,' 531664944',' Andrés',36,' Perú'),(215,' 162972597',' Carolina',35,' Perú'),(216,' 92578116',' Fabiola',36,' México'),(217,' 744486252',' Julio',56,' México'),(218,' 638377282',' Nicolás',68,' México'),(219,' 129435090',' Osvaldo',53,' México'),(220,' 238595418',' Victoria',22,' Perú'),(221,' 210840059',' Melisa',49,' Chile'),(222,' 967472782',' Rolando',37,' Perú'),(223,' 524798644',' Mariana',19,' Perú'),(224,' 969879862',' Demetrio',66,' México'),(225,' 871005632',' Fernanda',68,' México'),(226,' 103121246',' Rafael',46,' Perú'),(227,' 733954685',' Enzo',68,' Chile'),(228,' 698485047',' Sergio',57,' México'),(229,' 372158138',' Elías',49,' Perú'),(230,' 132353297',' Paloma',19,' México'),(231,' 772281710',' Francisco',64,' Perú'),(232,' 490045946',' Diego',57,' Perú'),(233,' 619564268',' Ana',31,' Chile'),(234,' 149986771',' Sofía',18,' Chile'),(235,' 458277718',' Mariana',42,' Chile'),(236,' 381304292',' Mónica',42,' Chile'),(237,' 964106703',' Ana',41,' México'),(238,' 246849647',' Raúl',52,' Perú'),(239,' 606165008',' Gustavo',50,' Perú'),(240,' 911284305',' José',80,' México'),(241,' 365837807',' Rafaela',20,' Perú'),(242,' 147481460',' Rodrigo',56,' Chile'),(243,' 519389578',' Armando',69,' México'),(244,' 530414848',' Diego',78,' Chile'),(245,' 662360523',' Renato',23,' Perú'),(246,' 330024935',' Pamela',69,' Perú'),(247,' 940964628',' Lucila',29,' México'),(248,' 583176284',' Mireya',22,' Perú'),(249,' 171848208',' Daniella',33,' Chile'),(250,' 883943823',' Raquel',65,' Chile'),(251,' 560763702',' Graciela',27,' Chile'),(252,' 198479458',' Ernestina',66,' Perú'),(253,' 399663290',' Juan',72,' Chile'),(254,' 319163181',' Ingrid',71,' Perú'),(255,' 172583769',' Luz',72,' Perú'),(256,' 140991944',' Fermín',64,' México'),(257,' 778169448',' Raúl',56,' Chile'),(258,' 46361394',' Francisco',60,' Chile'),(259,' 555752690',' Ana',55,' Chile'),(260,' 138149105',' Rodrigo',32,' México'),(261,' 623170998',' Wilfredo',58,' Chile'),(262,' 805071296',' Esteban',23,' Perú'),(263,' 359203627',' Jorge',27,' Perú'),(264,' 910179851',' Óscar',46,' Perú'),(265,' 799034166',' Renato',29,' México'),(266,' 965657451',' Demetrio',63,' México'),(267,' 135922685',' Maritza',65,' México'),(268,' 90386675',' Esteban',42,' Chile'),(269,' 104934714',' Fanny',36,' Perú'),(270,' 387014076',' Gustavo',35,' Perú'),(271,' 193878941',' Francisco',73,' Perú'),(272,' 649356960',' Guillermo',73,' México'),(273,' 838957319',' Germán',27,' Perú'),(274,' 609434920',' Alfonso',69,' México'),(275,' 392654999',' Ana',35,' México'),(276,' 533103177',' Isabella',25,' Chile'),(277,' 883357045',' Juan',23,' Chile'),(278,' 556906431',' Rodrigo',76,' Perú'),(279,' 765526615',' José',59,' México'),(280,' 72742412',' Marisela',65,' Chile'),(281,' 806050656',' Angelina',69,' México'),(282,' 262340335',' Lorena',34,' Chile'),(283,' 968950537',' Marisol',34,' Perú'),(284,' 458513672',' Ivonne',60,' México'),(285,' 614214754',' Raúl',34,' Chile'),(286,' 723517694',' Micaela',30,' México'),(287,' 223022882',' Bárbara',60,' Chile'),(288,' 190276755',' Arturo',64,' México'),(289,' 268760626',' Francisco',33,' Perú'),(290,' 860548345',' César',69,' México'),(291,' 375380088',' Margarita',39,' Chile'),(292,' 544341765',' Juan',47,' México'),(293,' 355093868',' Rosalba',43,' Perú'),(294,' 610597983',' Camila',57,' Chile'),(295,' 282400432',' Juan',69,' Chile'),(296,' 629235034',' Verónica',48,' Chile'),(297,' 572639584',' Gabriel',28,' Chile'),(298,' 667475052',' Mauricio',22,' Chile'),(299,' 343060091',' Rodrigo',49,' México'),(300,' 600461212',' Sergio',46,' Chile'),(301,' 311619351',' Angelina',74,' Chile'),(302,' 612965573',' Julio',43,' México'),(303,' 869447692',' Wilfredo',80,' México'),(304,' 363938415',' Rodrigo',28,' México'),(305,' 15922187',' Daniella',83,' México'),(306,' 316542673',' Rafaela',67,' Chile'),(307,' 485535806',' Luciana',55,' México'),(308,' 435704626',' Isaac',77,' Chile'),(309,' 268227549',' José',24,' México'),(310,' 110793783',' David',24,' Perú'),(311,' 944892124',' Arturo',62,' Perú'),(312,' 578044249',' René',87,' Chile'),(313,' 302908009',' Edith',76,' Chile'),(314,' 471023268',' Patricio',44,' Perú'),(315,' 793607604',' Verónica',56,' Perú'),(316,' 185836082',' Rodrigo',67,' México'),(317,' 88762610',' Felipe',46,' Chile'),(318,' 694938042',' Juan',26,' Chile'),(319,' 905118024',' Jorge',74,' Chile'),(320,' 215587866',' Germán',78,' Chile'),(321,' 647854438',' Juan',56,' México'),(322,' 548128712',' Lourdes',23,' Perú'),(323,' 296019737',' Karen',52,' México'),(324,' 935284000',' Jorge',19,' Chile'),(325,' 325615354',' Yolanda',63,' Chile'),(326,' 423507810',' Maritza',21,' Perú'),(327,' 746789202',' María',62,' Perú'),(328,' 804011329',' Paola',57,' Perú'),(329,' 448181141',' Gabriela',73,' Perú'),(330,' 191069959',' Paola',66,' Chile'),(331,' 59473613',' Catalina',66,' México'),(332,' 357729163',' Daniela',42,' Perú'),(333,' 870708929',' Miguel',21,' Chile'),(334,' 454089045',' Carlos',27,' Perú'),(335,' 925062541',' Claudia',20,' México'),(336,' 560033653',' Agustín',59,' Perú'),(337,' 627315840',' Leonardo',79,' México'),(338,' 335230932',' Ignacio',67,' Perú'),(339,' 227725607',' Yolanda',40,' Perú'),(340,' 261224066',' Mateo',77,' México'),(341,' 163582905',' Mauricio',78,' Chile'),(342,' 726639589',' Ramiro',51,' México'),(343,' 323495670',' Tomás',45,' Perú'),(344,' 183526231',' Ana',35,' México'),(345,' 973334105',' Ana',72,' Perú'),(346,' 44813565',' Andrés',58,' México'),(347,' 232511479',' Enrique',29,' México'),(348,' 424260770',' Gustavo',73,' México'),(349,' 106929221',' Mireya',24,' Chile'),(350,' 737767158',' Diana',76,' Chile'),(351,' 696237819',' Javier',60,' Chile'),(352,' 518351840',' Lidia',70,' Chile'),(353,' 567170331',' Mariana',65,' México'),(354,' 389094266',' Aitana',81,' Chile'),(355,' 479577498',' Lucila',77,' Chile'),(356,' 833586279',' Enzo',37,' Perú'),(357,' 520920866',' José',30,' Chile'),(358,' 184799118',' Julio',65,' Perú'),(359,' 967802845',' Fernanda',22,' Perú'),(360,' 74489978',' Edith',32,' Perú'),(361,' 481998291',' Rosa',91,' México'),(362,' 230818529',' Adrián',46,' Perú'),(363,' 732482557',' Lourdes',33,' México'),(364,' 936301124',' Diego',54,' Chile'),(365,' 467977124',' Manuel',22,' México'),(366,' 105019207',' Wilfredo',55,' México'),(367,' 311254858',' Paloma',36,' México'),(368,' 17622321',' Miriam',65,' Chile'),(369,' 920575052',' Natalia',20,' Perú'),(370,' 312600439',' Isabel',42,' Perú'),(371,' 85068096',' Sofía',32,' Perú'),(372,' 124603116',' Tomás',18,' Perú'),(373,' 268629986',' Miriam',64,' Chile'),(374,' 342671595',' Ana',57,' Chile'),(375,' 906403870',' Carolina',46,' Perú'),(376,' 723817757',' Guillermo',51,' Chile'),(377,' 445890113',' Gustavo',50,' México'),(378,' 455238383',' Luciana',79,' México'),(379,' 661906120',' Verónica',74,' Perú'),(380,' 737142066',' Roberto',80,' Perú'),(381,' 537874194',' Victoria',60,' México'),(382,' 984235534',' Claudia',23,' México'),(383,' 483288955',' Luciana',35,' México'),(384,' 338258455',' Daniel',22,' México'),(385,' 535454209',' Mariana',15,' México'),(386,' 414278150',' Andrés',36,' Chile'),(387,' 993715651',' Ismael',25,' México'),(388,' 528523186',' Claudia',56,' México'),(389,' 242779634',' Melisa',77,' México'),(390,' 276878633',' Francisco',18,' Chile'),(391,' 758381853',' Sofía',56,' Perú'),(392,' 768730189',' Diego',28,' México'),(393,' 424541984',' José',65,' Chile'),(394,' 375798402',' Juan',75,' México'),(395,' 718867829',' Samuel',84,' México'),(396,' 182773555',' José',80,' Perú'),(397,' 892559029',' Ana',34,' Chile'),(398,' 508439507',' Micaela',41,' Chile'),(399,' 792743940',' Fanny',30,' México'),(400,' 358024615',' Camila',66,' México'),(401,' 467739248',' Ignacia',71,' Perú'),(402,' 839059489',' Loreto',69,' Chile'),(403,' 407177721',' Agustín',69,' México'),(404,' 145177742',' Lourdes',52,' Perú'),(405,' 344931887',' María',58,' Chile'),(406,' 404459736',' Francisco',3,' Chile'),(407,' 805747353',' Amanda',62,' Perú'),(408,' 529295995',' Francisco',68,' Chile'),(409,' 442299994',' Enzo',47,' México'),(410,' 714206771',' Laura',40,' Perú'),(411,' 807030690',' Daniela',34,' México'),(412,' 319718573',' Rocío',63,' Perú'),(413,' 903228866',' Rosa',68,' México'),(414,' 345840976',' Fabiana',36,' Chile'),(415,' 139371904',' Gabriela',73,' Perú'),(416,' 638492164',' Diana',37,' México'),(417,' 778997357',' Joaquín',52,' Chile'),(418,' 290173177',' Luciana',18,' Perú'),(419,' 547875808',' Mónica',35,' Perú'),(420,' 470362719',' Paloma',66,' México'),(421,' 889441859',' Sofía',77,' Chile'),(422,' 19886700',' Javier',37,' México'),(423,' 849449584',' Miguel',73,' Perú'),(424,' 927833419',' Fermín',38,' Perú'),(425,' 504703347',' Margarita',67,' México'),(426,' 265611844',' Victoria',38,' Perú'),(427,' 494259624',' Álvaro',66,' Perú'),(428,' 387537099',' Claudia',56,' Chile'),(429,' 796605474',' José',24,' México'),(430,' 183728032',' Wilfredo',21,' Perú'),(431,' 739898077',' Ernesto',44,' Chile'),(432,' 258927359',' Gonzalo',19,' Perú'),(433,' 405319026',' Luciana',69,' Chile'),(434,' 324451434',' Isabel',75,' Perú'),(435,' 993352874',' Amanda',18,' Chile'),(436,' 57538105',' Ana',53,' Chile'),(437,' 586204891',' Francisco',75,' México'),(438,' 339403831',' Arturo',32,' México'),(439,' 625876127',' Diego',43,' México'),(440,' 754014143',' Sergio',65,' Chile'),(441,' 714374354',' Brenda',74,' Chile'),(442,' 926144647',' Luz',79,' Perú'),(443,' 242085838',' Gonzalo',56,' Perú'),(444,' 605502987',' César',53,' Chile'),(445,' 416349663',' Carlos',27,' Chile'),(446,' 465706640',' Karina',74,' México'),(447,' 247821918',' Nélida',78,' Chile'),(448,' 201255393',' Margarita',73,' Chile'),(449,' 676288246',' Sonia',18,' Perú'),(450,' 263164318',' Hernán',59,' México'),(451,' 171019965',' Margarita',72,' México'),(452,' 606735671',' Víctor',24,' Perú'),(453,' 186580965',' Ingrid',70,' Perú'),(454,' 777335179',' Julio',58,' Perú'),(455,' 252538771',' Marisol',58,' Chile'),(456,' 560535413',' Luciana',79,' Perú'),(457,' 876383887',' Alejandra',79,' México'),(458,' 925045646',' Luisa',61,' Chile'),(459,' 284047987',' Octavio',55,' México'),(460,' 357197881',' Demetrio',19,' Perú'),(461,' 191524532',' Susana',56,' Chile'),(462,' 287548699',' José',53,' Chile'),(463,' 384873420',' Luis',63,' Chile'),(464,' 624498612',' Fabiana',19,' Perú'),(465,' 845826085',' Lucila',32,' México'),(466,' 207534551',' Milagros',63,' Chile'),(467,' 354785211',' Juan',76,' Chile'),(468,' 13158757',' Paola',73,' México'),(469,' 711604122',' María',74,' México'),(470,' 488009306',' Nilda',79,' Chile'),(471,' 962026271',' Gustavo',52,' México'),(472,' 250964645',' Francisco',23,' Perú'),(473,' 356274821',' Aitana',68,' Perú'),(474,' 472975771',' Isidora',29,' Perú'),(475,' 147965259',' Constanza',28,' México'),(476,' 122769212',' Miriam',19,' México'),(477,' 577224393',' Leticia',70,' Perú'),(478,' 9933125',' Felipe',47,' Chile'),(479,' 862141675',' David',39,' Chile'),(480,' 831572116',' Sofía',22,' Perú'),(481,' 585482320',' Enrique',72,' México'),(482,' 912114625',' Néstor',23,' México'),(483,' 350931060',' Lucía',66,' Perú'),(484,' 728542475',' Raquel',59,' Chile'),(485,' 925180904',' Luis',41,' Perú'),(486,' 443257491',' Verónica',74,' México'),(487,' 634081606',' Demetrio',57,' Chile'),(488,' 572098658',' Aldo',76,' Chile'),(489,' 970883838',' Sonia',48,' Perú'),(490,' 798668830',' Alexandra',51,' México'),(491,' 546770527',' Mariana',74,' México'),(492,' 91738040',' Monserrat',77,' Perú'),(493,' 509506445',' Raquel',39,' Chile'),(494,' 514182289',' Julio',36,' Chile'),(495,' 200786235',' David',36,' Perú'),(496,' 390400667',' Tatiana',85,' Chile'),(497,' 956347328',' Natalia',57,' Perú'),(498,' 983801608',' Nicolás',69,' Chile'),(499,' 287279248',' Maritza',34,' Chile'),(500,' 754152935',' Miguel',79,' Perú'),(501,' 310922497',' Valeria',35,' México'),(502,' 510429547',' Renato',73,' México'),(503,' 425602719',' Luis',59,' México'),(504,' 28531213',' Maritza',77,' México'),(505,' 837578607',' Celeste',66,' Perú'),(506,' 550616006',' Roberto',73,' México'),(507,' 177764395',' Miguel',75,' Chile'),(508,' 295430492',' Víctor',20,' México'),(509,' 511593544',' Agustín',48,' Perú'),(510,' 132557100',' Laura',63,' Perú'),(511,' 826833857',' Adriana',22,' México'),(512,' 241536911',' Raúl',53,' México'),(513,' 886477169',' Lucía',76,' Perú'),(514,' 923215378',' Julio',60,' México'),(515,' 41771513',' Camila',80,' Chile'),(516,' 82097240',' Carolina',66,' Perú'),(517,' 268045819',' Joaquín',25,' Chile'),(518,' 137768166',' Carolina',63,' México'),(519,' 647378558',' Gabriel',43,' Perú'),(520,' 197811020',' José',66,' México'),(521,' 970423494',' Daniela',35,' Perú'),(522,' 740861454',' Fabián',78,' Chile'),(523,' 882567315',' María',77,' Chile'),(524,' 784621132',' Natalia',24,' Perú'),(525,' 832287782',' Osvaldo',67,' México'),(526,' 234367730',' Consuelo',60,' Perú'),(527,' 106748812',' Andrea',48,' Perú'),(528,' 75320827',' Antonia',53,' Chile'),(529,' 672885441',' Francisco',65,' Chile'),(530,' 929686389',' Claudia',32,' Chile'),(531,' 306370854',' Elizabeth',75,' Perú'),(532,' 825798160',' Luisa',76,' México'),(533,' 207964654',' Eduardo',70,' Chile'),(534,' 832365671',' Guillermo',66,' Chile'),(535,' 452030399',' Valentina',80,' Perú'),(536,' 310519860',' Mauricio',55,' Perú'),(537,' 479218961',' Miriam',65,' México'),(538,' 218086580',' Ana',32,' México'),(539,' 771916349',' Yolanda',26,' Chile'),(540,' 708286053',' Margarita',68,' Perú'),(541,' 84463946',' Jorge',57,' Perú'),(542,' 901720550',' José',23,' México'),(543,' 739723526',' Roberto',29,' Perú'),(544,' 176196753',' Emilio',89,' Perú'),(545,' 46798980',' Gabriela',57,' México'),(546,' 351174064',' Tomás',22,' México'),(547,' 263112202',' Néstor',59,' México'),(548,' 227191037',' Alexis',47,' Chile'),(549,' 877201869',' Fernanda',46,' México'),(550,' 233794299',' Adriana',77,' Perú'),(551,' 727646040',' Antonia',23,' México'),(552,' 910484510',' Roberto',56,' México'),(553,' 346134210',' Margarita',35,' Perú'),(554,' 426939561',' Daniela',33,' México'),(555,' 926089857',' Lucila',46,' Chile'),(556,' 127573298',' Milagros',78,' Chile'),(557,' 960437432',' Samuel',22,' México'),(558,' 746211005',' Emiliano',73,' México'),(559,' 487568517',' Carolina',41,' Chile'),(560,' 518845618',' Diego',29,' Chile'),(561,' 619643868',' Joaquín',34,' Chile'),(562,' 289780721',' Delia',79,' Chile'),(563,' 837147078',' Emilio',54,' México'),(564,' 869365182',' Emilia',36,' Chile'),(565,' 634521600',' Camila',56,' México'),(566,' 148194348',' Lucero',5,' Chile'),(567,' 72878715',' Edith',72,' Chile'),(568,' 130816077',' Lorena',70,' Chile'),(569,' 56051653',' Susana',31,' Chile'),(570,' 303785724',' Valeria',24,' Chile');
/*!40000 ALTER TABLE `passenger` ENABLE KEYS */;
UNLOCK TABLES;

--
-- Table structure for table `purchase`
--

DROP TABLE IF EXISTS `purchase`;
/*!40101 SET @saved_cs_client     = @@character_set_client */;
/*!50503 SET character_set_client = utf8mb4 */;
CREATE TABLE `purchase` (
  `purchase_id` int NOT NULL,
  `purchase_date` int DEFAULT NULL,
  PRIMARY KEY (`purchase_id`)
) ENGINE=InnoDB DEFAULT CHARSET=utf8mb4 COLLATE=utf8mb4_0900_ai_ci;
/*!40101 SET character_set_client = @saved_cs_client */;

--
-- Dumping data for table `purchase`
--

LOCK TABLES `purchase` WRITE;
/*!40000 ALTER TABLE `purchase` DISABLE KEYS */;
INSERT INTO `purchase` VALUES (1,1672947635),(2,1672969235),(3,1672990835),(4,1673012435),(5,1673034035),(6,1673055635),(7,1673077235),(8,1673098835),(9,1673120435),(10,1673142035),(11,1673163635),(12,1673185235),(13,1673206835),(14,1673228435),(15,1673250035),(16,1673271635),(17,1673293235),(18,1673314835),(19,1673336435),(20,1673358035),(21,1673379635),(22,1673401235),(23,1673422835),(24,1673444435),(25,1673466035),(26,1673487635),(27,1673509235),(28,1673530835),(29,1673552435),(30,1673574035),(31,1673595635),(32,1673617235),(33,1673638835),(34,1673660435),(35,1673682035),(36,1673703635),(37,1673725235),(38,1673746835),(39,1673768435),(40,1673790035),(41,1673811635),(42,1673833235),(43,1673854835),(44,1673876435),(45,1673898035),(46,1673919635),(47,1673941235),(48,1673962835),(49,1673984435),(50,1674006035),(51,1674027635),(52,1674049235),(53,1674070835),(54,1674092435),(55,1674114035),(56,1674135635),(57,1674157235),(58,1674178835),(59,1674200435),(60,1674222035),(61,1674243635),(62,1674265235),(63,1674286835),(64,1674308435),(65,1674330035),(66,1674351635),(67,1674373235),(68,1674394835),(69,1674416435),(70,1674438035),(71,1674459635),(72,1674481235),(73,1674502835),(74,1674524435),(75,1674546035),(76,1674567635),(77,1674589235),(78,1674610835),(79,1674632435),(80,1674654035),(81,1674675635),(82,1674697235),(83,1674718835),(84,1674740435),(85,1674762035),(86,1674783635),(87,1674805235),(88,1674826835),(89,1674848435),(90,1674870035),(91,1674891635),(92,1674913235),(93,1674934835),(94,1674956435),(95,1674978035),(96,1674999635),(97,1675021235),(98,1675042835),(99,1675064435),(100,1675086035),(101,1675107635),(102,1675129235),(103,1675150835),(104,1675172435),(105,1675194035),(106,1675215635),(107,1675237235),(108,1675258835),(109,1675280435),(110,1675302035),(111,1675323635),(112,1675345235),(113,1675366835),(114,1675388435),(115,1675410035),(116,1675431635),(117,1675453235),(118,1675474835),(119,1675496435),(120,1675518035),(121,1675539635),(122,1675561235),(123,1675582835),(124,1675604435),(125,1675626035),(126,1675647635),(127,1675669235),(128,1675690835),(129,1675712435),(130,1675734035),(131,1675755635),(132,1675777235),(133,1675798835),(134,1675820435),(135,1675842035),(136,1675863635),(137,1675885235),(138,1675906835),(139,1675928435),(140,1675950035),(141,1675971635),(142,1675993235),(143,1676014835),(144,1676036435),(145,1676058035),(146,1676079635),(147,1676101235),(148,1676122835),(149,1676144435),(150,1676166035),(151,1676187635),(152,1676209235),(153,1676230835),(154,1676252435),(155,1676274035),(156,1676295635),(157,1676317235),(158,1676338835),(159,1676360435),(160,1676382035),(161,1676403635),(162,1676425235),(163,1676446835),(164,1676468435),(165,1676490035),(166,1676511635),(167,1676533235),(168,1676554835),(169,1676576435),(170,1676598035),(171,1676619635),(172,1676641235),(173,1676662835),(174,1676684435),(175,1676706035),(176,1676727635),(177,1676749235),(178,1676770835),(179,1676792435),(180,1676814035),(181,1676835635),(182,1676857235),(183,1676878835),(184,1676900435),(185,1676922035),(186,1676943635),(187,1676965235),(188,1676986835),(189,1677008435),(190,1677030035),(191,1677051635),(192,1677073235),(193,1677094835),(194,1677116435),(195,1677138035),(196,1677159635),(197,1677181235),(198,1677202835),(199,1677224435),(200,1677246035),(201,1677267635),(202,1677289235),(203,1677310835),(204,1677332435);
/*!40000 ALTER TABLE `purchase` ENABLE KEYS */;
UNLOCK TABLES;

--
-- Table structure for table `seat`
--

DROP TABLE IF EXISTS `seat`;
/*!40101 SET @saved_cs_client     = @@character_set_client */;
/*!50503 SET character_set_client = utf8mb4 */;
CREATE TABLE `seat` (
  `seat_id` int NOT NULL,
  `seat_column` varchar(2) DEFAULT NULL,
  `seat_row` int DEFAULT NULL,
  `seat_type_id` int DEFAULT NULL,
  `airplane_id` int DEFAULT NULL,
  PRIMARY KEY (`seat_id`),
  KEY `airplane_id` (`airplane_id`),
  CONSTRAINT `seat_ibfk_1` FOREIGN KEY (`airplane_id`) REFERENCES `airplane` (`airplane_id`),
  CONSTRAINT `seat_ibfk_2` FOREIGN KEY (`airplane_id`) REFERENCES `seat_type` (`seat_type_id`)
) ENGINE=InnoDB DEFAULT CHARSET=utf8mb4 COLLATE=utf8mb4_0900_ai_ci;
/*!40101 SET character_set_client = @saved_cs_client */;

--
-- Dumping data for table `seat`
--

LOCK TABLES `seat` WRITE;
/*!40000 ALTER TABLE `seat` DISABLE KEYS */;
INSERT INTO `seat` VALUES (1,' A',1,1,1),(2,' A',2,1,1),(3,' A',3,1,1),(4,' A',4,1,1),(5,' A',8,2,1),(6,' A',9,2,1),(7,' A',10,2,1),(8,' A',11,2,1),(9,' A',12,2,1),(10,' A',13,2,1),(11,' A',14,2,1),(12,' A',15,2,1),(13,' A',19,3,1),(14,' A',20,3,1),(15,' A',21,3,1),(16,' A',22,3,1),(17,' A',23,3,1),(18,' A',24,3,1),(19,' A',25,3,1),(20,' A',26,3,1),(21,' A',27,3,1),(22,' A',28,3,1),(23,' A',29,3,1),(24,' A',30,3,1),(25,' A',31,3,1),(26,' A',32,3,1),(27,' A',33,3,1),(28,' A',34,3,1),(29,' B',1,1,1),(30,' B',2,1,1),(31,' B',3,1,1),(32,' B',4,1,1),(33,' B',8,2,1),(34,' B',9,2,1),(35,' B',10,2,1),(36,' B',11,2,1),(37,' B',12,2,1),(38,' B',13,2,1),(39,' B',14,2,1),(40,' B',15,2,1),(41,' B',19,3,1),(42,' B',20,3,1),(43,' B',21,3,1),(44,' B',22,3,1),(45,' B',23,3,1),(46,' B',24,3,1),(47,' B',25,3,1),(48,' B',26,3,1),(49,' B',27,3,1),(50,' B',28,3,1),(51,' B',29,3,1),(52,' B',30,3,1),(53,' B',31,3,1),(54,' B',32,3,1),(55,' B',33,3,1),(56,' B',34,3,1),(57,' C',8,2,1),(58,' C',9,2,1),(59,' C',10,2,1),(60,' C',11,2,1),(61,' C',12,2,1),(62,' C',13,2,1),(63,' C',14,2,1),(64,' C',15,2,1),(65,' C',19,3,1),(66,' C',20,3,1),(67,' C',21,3,1),(68,' C',22,3,1),(69,' C',23,3,1),(70,' C',24,3,1),(71,' C',25,3,1),(72,' C',26,3,1),(73,' C',27,3,1),(74,' C',28,3,1),(75,' C',29,3,1),(76,' C',30,3,1),(77,' C',31,3,1),(78,' C',32,3,1),(79,' C',33,3,1),(80,' C',34,3,1),(81,' E',8,2,1),(82,' E',9,2,1),(83,' E',10,2,1),(84,' E',11,2,1),(85,' E',12,2,1),(86,' E',13,2,1),(87,' E',14,2,1),(88,' E',15,2,1),(89,' E',19,3,1),(90,' E',20,3,1),(91,' E',21,3,1),(92,' E',22,3,1),(93,' E',23,3,1),(94,' E',24,3,1),(95,' E',25,3,1),(96,' E',26,3,1),(97,' E',27,3,1),(98,' E',28,3,1),(99,' E',29,3,1),(100,' E',30,3,1),(101,' E',31,3,1),(102,' E',32,3,1),(103,' E',33,3,1),(104,' E',34,3,1),(105,' F',1,1,1),(106,' F',2,1,1),(107,' F',3,1,1),(108,' F',4,1,1),(109,' F',8,2,1),(110,' F',9,2,1),(111,' F',10,2,1),(112,' F',11,2,1),(113,' F',12,2,1),(114,' F',13,2,1),(115,' F',14,2,1),(116,' F',15,2,1),(117,' F',19,3,1),(118,' F',20,3,1),(119,' F',21,3,1),(120,' F',22,3,1),(121,' F',23,3,1),(122,' F',24,3,1),(123,' F',25,3,1),(124,' F',26,3,1),(125,' F',27,3,1),(126,' F',28,3,1),(127,' F',29,3,1),(128,' F',30,3,1),(129,' F',31,3,1),(130,' F',32,3,1),(131,' F',33,3,1),(132,' F',34,3,1),(133,' G',1,1,1),(134,' G',2,1,1),(135,' G',3,1,1),(136,' G',4,1,1),(137,' G',8,2,1),(138,' G',9,2,1),(139,' G',10,2,1),(140,' G',11,2,1),(141,' G',12,2,1),(142,' G',13,2,1),(143,' G',14,2,1),(144,' G',15,2,1),(145,' G',19,3,1),(146,' G',20,3,1),(147,' G',21,3,1),(148,' G',22,3,1),(149,' G',23,3,1),(150,' G',24,3,1),(151,' G',25,3,1),(152,' G',26,3,1),(153,' G',27,3,1),(154,' G',28,3,1),(155,' G',29,3,1),(156,' G',30,3,1),(157,' G',31,3,1),(158,' G',32,3,1),(159,' G',33,3,1),(160,' G',34,3,1),(161,' A',1,1,2),(162,' A',2,1,2),(163,' A',3,1,2),(164,' A',4,1,2),(165,' A',5,1,2),(166,' A',9,2,2),(167,' A',10,2,2),(168,' A',11,2,2),(169,' A',12,2,2),(170,' A',13,2,2),(171,' A',14,2,2),(172,' A',18,3,2),(173,' A',19,3,2),(174,' A',20,3,2),(175,' A',21,3,2),(176,' A',22,3,2),(177,' A',23,3,2),(178,' A',24,3,2),(179,' A',25,3,2),(180,' A',26,3,2),(181,' A',27,3,2),(182,' A',28,3,2),(183,' A',29,3,2),(184,' A',30,3,2),(185,' A',31,3,2),(186,' B',9,2,2),(187,' B',10,2,2),(188,' B',11,2,2),(189,' B',12,2,2),(190,' B',13,2,2),(191,' B',14,2,2),(192,' B',18,3,2),(193,' B',19,3,2),(194,' B',20,3,2),(195,' B',21,3,2),(196,' B',22,3,2),(197,' B',23,3,2),(198,' B',24,3,2),(199,' B',25,3,2),(200,' B',26,3,2),(201,' B',27,3,2),(202,' B',28,3,2),(203,' B',29,3,2),(204,' B',30,3,2),(205,' B',31,3,2),(206,' D',9,2,2),(207,' D',10,2,2),(208,' D',11,2,2),(209,' D',12,2,2),(210,' D',13,2,2),(211,' D',14,2,2),(212,' D',18,3,2),(213,' D',19,3,2),(214,' D',20,3,2),(215,' D',21,3,2),(216,' D',22,3,2),(217,' D',23,3,2),(218,' D',24,3,2),(219,' D',25,3,2),(220,' D',26,3,2),(221,' D',27,3,2),(222,' D',28,3,2),(223,' D',29,3,2),(224,' D',30,3,2),(225,' D',31,3,2),(226,' E',1,1,2),(227,' E',2,1,2),(228,' E',3,1,2),(229,' E',4,1,2),(230,' E',5,1,2),(231,' E',9,2,2),(232,' E',10,2,2),(233,' E',11,2,2),(234,' E',12,2,2),(235,' E',13,2,2),(236,' E',14,2,2),(237,' E',18,3,2),(238,' E',19,3,2),(239,' E',20,3,2),(240,' E',21,3,2),(241,' E',22,3,2),(242,' E',23,3,2),(243,' E',24,3,2),(244,' E',25,3,2),(245,' E',26,3,2),(246,' E',27,3,2),(247,' E',28,3,2),(248,' E',29,3,2),(249,' E',30,3,2),(250,' E',31,3,2),(251,' F',9,2,2),(252,' F',10,2,2),(253,' F',11,2,2),(254,' F',12,2,2),(255,' F',13,2,2),(256,' F',14,2,2),(257,' F',18,3,2),(258,' F',19,3,2),(259,' F',20,3,2),(260,' F',21,3,2),(261,' F',22,3,2),(262,' F',23,3,2),(263,' F',24,3,2),(264,' F',25,3,2),(265,' F',26,3,2),(266,' F',27,3,2),(267,' F',28,3,2),(268,' F',29,3,2),(269,' F',30,3,2),(270,' F',31,3,2),(271,' H',9,2,2),(272,' H',10,2,2),(273,' H',11,2,2),(274,' H',12,2,2),(275,' H',13,2,2),(276,' H',14,2,2),(277,' H',18,3,2),(278,' H',19,3,2),(279,' H',20,3,2),(280,' H',21,3,2),(281,' H',22,3,2),(282,' H',23,3,2),(283,' H',24,3,2),(284,' H',25,3,2),(285,' H',26,3,2),(286,' H',27,3,2),(287,' H',28,3,2),(288,' H',29,3,2),(289,' H',30,3,2),(290,' H',31,3,2),(291,' I',1,1,2),(292,' I',2,1,2),(293,' I',3,1,2),(294,' I',4,1,2),(295,' I',5,1,2),(296,' I',9,2,2),(297,' I',10,2,2),(298,' I',11,2,2),(299,' I',12,2,2),(300,' I',13,2,2),(301,' I',14,2,2),(302,' I',18,3,2),(303,' I',19,3,2),(304,' I',20,3,2),(305,' I',21,3,2),(306,' I',22,3,2),(307,' I',23,3,2),(308,' I',24,3,2),(309,' I',25,3,2),(310,' I',26,3,2),(311,' I',27,3,2),(312,' I',28,3,2),(313,' I',29,3,2),(314,' I',30,3,2),(315,' I',31,3,2);
/*!40000 ALTER TABLE `seat` ENABLE KEYS */;
UNLOCK TABLES;

--
-- Table structure for table `seat_type`
--

DROP TABLE IF EXISTS `seat_type`;
/*!40101 SET @saved_cs_client     = @@character_set_client */;
/*!50503 SET character_set_client = utf8mb4 */;
CREATE TABLE `seat_type` (
  `seat_type_id` int NOT NULL,
  `name` varchar(255) DEFAULT NULL,
  PRIMARY KEY (`seat_type_id`)
) ENGINE=InnoDB DEFAULT CHARSET=utf8mb4 COLLATE=utf8mb4_0900_ai_ci;
/*!40101 SET character_set_client = @saved_cs_client */;

--
-- Dumping data for table `seat_type`
--

LOCK TABLES `seat_type` WRITE;
/*!40000 ALTER TABLE `seat_type` DISABLE KEYS */;
INSERT INTO `seat_type` VALUES (1,' Primera clase'),(2,' Clase económica premium'),(3,' Clase económica');
/*!40000 ALTER TABLE `seat_type` ENABLE KEYS */;
UNLOCK TABLES;
/*!40103 SET TIME_ZONE=@OLD_TIME_ZONE */;

/*!40101 SET SQL_MODE=@OLD_SQL_MODE */;
/*!40014 SET FOREIGN_KEY_CHECKS=@OLD_FOREIGN_KEY_CHECKS */;
/*!40014 SET UNIQUE_CHECKS=@OLD_UNIQUE_CHECKS */;
/*!40101 SET CHARACTER_SET_CLIENT=@OLD_CHARACTER_SET_CLIENT */;
/*!40101 SET CHARACTER_SET_RESULTS=@OLD_CHARACTER_SET_RESULTS */;
/*!40101 SET COLLATION_CONNECTION=@OLD_COLLATION_CONNECTION */;
/*!40111 SET SQL_NOTES=@OLD_SQL_NOTES */;

-- Dump completed on 2023-05-05 12:51:46
