purchase_id,purchase_date 
1, 1672947635
2, 1672969235
3, 1672990835
4, 1673012435
5, 1673034035
6, 1673055635
7, 1673077235
8, 1673098835
9, 1673120435
10, 1673142035
11, 1673163635
12, 1673185235
13, 1673206835
14, 1673228435
15, 1673250035
16, 1673271635
17, 1673293235
18, 1673314835
19, 1673336435
20, 1673358035
21, 1673379635
22, 1673401235
23, 1673422835
24, 1673444435
25, 1673466035
26, 1673487635
27, 1673509235
28, 1673530835
29, 1673552435
30, 1673574035
31, 1673595635
32, 1673617235
33, 1673638835
34, 1673660435
35, 1673682035
36, 1673703635
37, 1673725235
38, 1673746835
39, 1673768435
40, 1673790035
41, 1673811635
42, 1673833235
43, 1673854835
44, 1673876435
45, 1673898035
46, 1673919635
47, 1673941235
48, 1673962835
49, 1673984435
50, 1674006035
51, 1674027635
52, 1674049235
53, 1674070835
54, 1674092435
55, 1674114035
56, 1674135635
57, 1674157235
58, 1674178835
59, 1674200435
60, 1674222035
61, 1674243635
62, 1674265235
63, 1674286835
64, 1674308435
65, 1674330035
66, 1674351635
67, 1674373235
68, 1674394835
69, 1674416435
70, 1674438035
71, 1674459635
72, 1674481235
73, 1674502835
74, 1674524435
75, 1674546035
76, 1674567635
77, 1674589235
78, 1674610835
79, 1674632435
80, 1674654035
81, 1674675635
82, 1674697235
83, 1674718835
84, 1674740435
85, 1674762035
86, 1674783635
87, 1674805235
88, 1674826835
89, 1674848435
90, 1674870035
91, 1674891635
92, 1674913235
93, 1674934835
94, 1674956435
95, 1674978035
96, 1674999635
97, 1675021235
98, 1675042835
99, 1675064435
100, 1675086035
101, 1675107635
102, 1675129235
103, 1675150835
104, 1675172435
105, 1675194035
106, 1675215635
107, 1675237235
108, 1675258835
109, 1675280435
110, 1675302035
111, 1675323635
112, 1675345235
113, 1675366835
114, 1675388435
115, 1675410035
116, 1675431635
117, 1675453235
118, 1675474835
119, 1675496435
120, 1675518035
121, 1675539635
122, 1675561235
123, 1675582835
124, 1675604435
125, 1675626035
126, 1675647635
127, 1675669235
128, 1675690835
129, 1675712435
130, 1675734035
131, 1675755635
132, 1675777235
133, 1675798835
134, 1675820435
135, 1675842035
136, 1675863635
137, 1675885235
138, 1675906835
139, 1675928435
140, 1675950035
141, 1675971635
142, 1675993235
143, 1676014835
144, 1676036435
145, 1676058035
146, 1676079635
147, 1676101235
148, 1676122835
149, 1676144435
150, 1676166035
151, 1676187635
152, 1676209235
153, 1676230835
154, 1676252435
155, 1676274035
156, 1676295635
157, 1676317235
158, 1676338835
159, 1676360435
160, 1676382035
161, 1676403635
162, 1676425235
163, 1676446835
164, 1676468435
165, 1676490035
166, 1676511635
167, 1676533235
168, 1676554835
169, 1676576435
170, 1676598035
171, 1676619635
172, 1676641235
173, 1676662835
174, 1676684435
175, 1676706035
176, 1676727635
177, 1676749235
178, 1676770835
179, 1676792435
180, 1676814035
181, 1676835635
182, 1676857235
183, 1676878835
184, 1676900435
185, 1676922035
186, 1676943635
187, 1676965235
188, 1676986835
189, 1677008435
190, 1677030035
191, 1677051635
192, 1677073235
193, 1677094835
194, 1677116435
195, 1677138035
196, 1677159635
197, 1677181235
198, 1677202835
199, 1677224435
200, 1677246035
201, 1677267635
202, 1677289235
203, 1677310835
204, 1677332435
